﻿<?xml version="1.0" encoding="utf-8"?>
<abapGit version="v1.0.0" serializer="LCL_OBJECT_SUSH" serializer_version="v1.0.0">
 <asx:abap xmlns:asx="http://www.sap.com/abapxml" version="1.0">
  <asx:values>
   <HEAD>
    <NAME>B2F326559E93A591D9A5CAB83D16F1</NAME>
    <TYPE>HT</TYPE>
    <DISPLAY_NAME>R3TR IWSV ZMN_BUILDING                       0001</DISPLAY_NAME>
    <ABAP_LANGUAGE_VERSION>5</ABAP_LANGUAGE_VERSION>
   </HEAD>
   <USOBX>
    <USOBX>
     <NAME>B2F326559E93A591D9A5CAB83D16F1</NAME>
     <TYPE>HT</TYPE>
     <OBJECT>S_SERVICE</OBJECT>
     <OKFLAG>X</OKFLAG>
    </USOBX>
   </USOBX>
   <USOBX_EXT>
    <item>
     <OBJECT>S_SERVICE</OBJECT>
     <TTEXT>Verificação no início de serviços externos</TTEXT>
     <OCLSS>AAAB</OCLSS>
     <OKFLAG>X</OKFLAG>
     <PS_POSID>BC-SEC-AUT-PFC</PS_POSID>
     <CI_TEXT>verificar</CI_TEXT>
     <CH_TEXT>verificar</CH_TEXT>
     <PR_TEXT>Não</PR_TEXT>
     <EXCEP>3</EXCEP>
     <EXCEP_TX>Okay</EXCEP_TX>
     <EXCEP_ICON>@08@</EXCEP_ICON>
    </item>
   </USOBX_EXT>
  </asx:values>
 </asx:abap>
</abapGit>
